"Id","OwnerId","IsDeleted","Name","CreatedDate","CreatedById","LastModifiedDate","LastModifiedById","SystemModstamp","LastActivityDate","Age__c","Gender__c","Contact_Number__c","Medical_History__c","Share_with_Doctors__c","Patient_Email__c"
"a02gL0000070dmwQAA","005gL000005B9hpQAC","0","Ravi","2025-09-19 10:13:34","005gL000005B9hpQAC","2025-09-23 16:32:42","005gL000005B9hpQAC","2025-09-23 16:32:42","","35","Male","1234567891","Diabetes","1",""
"a02gL000007G2Y5QAK","005gL000007rTcXQAU","0","Abhigna","2025-09-23 16:24:57","005gL000007rTcXQAU","2025-09-23 16:24:57","005gL000007rTcXQAU","2025-09-23 16:24:57","","25","Female","","Diabetes","1",""
"a02gL000008SOVqQAO","005gL000005B9hpQAC","0","John Smith","2025-10-04 07:04:20","005gL000005B9hpQAC","2025-10-04 07:04:20","005gL000005B9hpQAC","2025-10-04 07:04:20","","35.0","Male","(987) 654-3210","","0","john@gmail.com"
"a02gL000008SOVrQAO","005gL000005B9hpQAC","0","Neha Doddi","2025-10-04 07:04:20","005gL000005B9hpQAC","2025-10-04 07:04:20","005gL000005B9hpQAC","2025-10-04 07:04:20","","22.0","Female","(912) 345-6789","","0","neha@gmail.com"
